"This fragrance is fairly expensive, but if you have ever smelled it you'll realize why it is worth it. This is a beautiful perfume I enjoy it and have bought it for my wife for years. Very romantic.",5.0
"ESTEE, THE ORIGINAL, WAS MY FAVORITE FOR 50+ YEARS. ADDED BEAUTIFUL A FEW YEARS AGO JUST FOR A CHANGE OF SCENT.  LOVE THEM BOTH.  THEY WORK WELL WITH MY BODY CHEMISTRY.",5.0
I've been using this perfume/cologne for years and love it. Just a tiny bit is plenty!,5.0
I have worn this perfume for years and always get the most complements on it.,5.0
This is  for my wife and she definitely likes it as well as in the past.,5.0
Have used Estee Lauder for years Love the scents... Works well with my body chemistry.,5.0
Same scent of the the 10-year old bottle I am finishing up!!  Love it!,5.0
bought it for mom and she loves it ... it's Estee Lauder would you expect anything else?,5.0
Smells exactly as it is supposed to ! Very satisfied !,5.0
Love the perfume and shipping was fast,5.0
Item was purchased for someone else.,4.0
"Wife loves it, priced well and quick delivery.",5.0
A very good price. No issues or concerns.,5.0
"Absolutely love this perfume.  Have worn it for 20 yrs. or more, and it has always prompted (even strangers) a complimentary remark.",5.0
Great price on this product!,5.0
"What can I say? It's a great scent, and my wife's favorite.",5.0
"Soft and feminine, sultry.",5.0
Christmas gift,5.0
My Favorite!!,5.0
"Fast shipping. It is the tester but authentic Estee Lauder Beautiful 2.5 oz, love testers, they tend to last longer. I got an unexpected bonus: Perfume came in a brand new Estee Lauder pale green big cosmetic bag, which had a smaller bag and mirror inside . I am very, very happy with my purchase, thanks!",5.0
"This is NOT the real product.  I should have known when it was 1/2 the price of the authentic.  Initially smells like Beautiful, but scent wears off after minutes.  Clothes don't even smell like it.  I've been using the real product for 20+ years and trust me, this is not the real thing.",1.0
oh yeah,5.0
"My wife loved the gift, and i love my wife!  She is worth every bit of it.  A nice classy fragrance!",5.0
Great Price !  Very Happy :),5.0
good,5.0
love this,5.0
"Not sure if this was an original or imitation.  bottle arrived without the top, but a plastic protection on the nozzle.",3.0
Excellent deal! Price was way right and delivery on time!,5.0
Cannot believe I got my favorite perfume for this price!  EXCELLENT!,5.0
present,5.0
My niece loves this perfume and this was a perfect way to send it to her for her birthday!!,5.0
"First time buying Beautiful online, always Macy's before.  I believe these are returns due to expiration, fragrence did not last at all, unlike my usual experience with Beautiful, which lingers for quite awhile.",1.0
I give this 5 stars because my sister has been wearing it for 25 years and she just loves it.. I buy it for her every Christmas. I don't wear perfume myself. When I gave it to her this past Christmas she sprayed a little on her wrist and I thought it smelled really nice.,5.0
My wife love it,5.0
Love my Pleasures. Smells exactly as expected.,5.0
I absolutely love this.,5.0
Excellent!,5.0
Mom likes it,5.0
It is my signature perfume and buying it through Amazon saves a lot of money.,5.0
Exactly as described.  Love this perfume!,5.0
"The perfume is great. The bottle though, was either stored in heat or other type environment where the plastic tube inside breaks off and half a bottle is left. Cannot use the remaining perfume. Too much waste. Local store would replace it if I brought it back. Over the last couple of years the online purchases fail and the store purchases have no problem, so far.",2.0
"I've worn this perfume for years and loved it.  This one doesn't smell the way I remembered it.  So I took it to my local store where I've purchased it before to see if I could figure out why.  The packaging was the same on both but the store clerk thought it might have gone bad because of the way it is stored.  I wanted to return it, but the system says it isn't available for return.  I would appreciate it if Amazon would put that in the description before I buy it and not after.  Thank you.",2.0
It did not smell like Beautiful.  It is the only perfume I wear and I was really disappointed.,1.0
"Not real happy with this product! Must be a ""Knock Off"" of the original ---  doesn't smell like the ORIGINAL!Sorry I bought this thru AMAZON.",2.0
Great Item as expected!,5.0
Terrific,5.0
Exactly as described.  Excellent price,5.0
"This perfume is amazing, I love it, the smell lifts my spirit!!! :)",5.0
Great price - luscious scent.  Can't go wrong,5.0
Great price compared to department stores.  My daughter loved it.,5.0
I believe this is not the right product.  This stuff literally stinks to high heaven.  It definitely does not smell like the original Beautiful..It may be old,1.0
5 star,5.0
"My favorite scent, I've been wearing it for 20 years. Nice to get it at such a great price",5.0
all fine,5.0
The  reciever  (not  me )  loved it t,5.0
excellent product,5.0
"Great price, my husbands favorite.",5.0
Wife loved it ! And I like the smell !,5.0
Beautiful essence for a Beautiful Lady - both are the real thing!,5.0
This is the only perfume I where. People love it always asking. I used to get in flee market but they either closed or don't have. Macys was more money. Came in 2 days I have prime. Love it.,5.0
"Totally disappointed with this purchase.  Not only was it fake fragrance, it arrived damaged and leaked all over the box.  This was supposed to be a gift for my wife and it was a total bust.  I will never buy fragrances online again to try to save some money.  The only place worth buying is in the department store.  If they will not provide a refund it will be a total bust.",1.0
Everything,5.0
From the husband of a woman who has worn this scent for 30 years - I LOVE IT.,5.0
Good,5.0
Wife loved it!,5.0
This is my girlfriends favorite perfume. I gave it to her for Valentine's Day. She loved it.,5.0
I have worn this perfume in the past and loved it. Now it seems as if it was old so. I probably wont buy this again.,4.0
How could you not LOVE..Beautiful,5.0
"Very happy with this purchase, very affordable compared to major stores",5.0
This is another one of my favorite perfumes.,5.0
Great!,5.0
Bought this for my best friend for her birthday and she loved it. Its a light fragrance that she loves and its not so over bearing or powerful.,5.0
My favorite!!,5.0
I just love Beautiful and get so many compliments when I wear it. It is the real deal. A lot cheaper than the fine department store charges.,5.0
The perfume does not smell like the original. I do not really filled my expectations .,2.0
Bought this for my mom for her birthday and she loves it. The smell for me is really strong but it is a hit. Thanks for a decent price and fast shipping.,5.0
Buy your favorite perfume here. Stop waiting for the special offers at the perfume counter.,5.0
"I've seen some terrible reviews on this product. I received  it today . Package was sealed, perfect, & it is the real thing. I've used Beautiful for years .",5.0
This is the real deal. Was worried it might not be the real Beautiful perfume but this is the high end stuff sold in department stores. I get complements on my perfume all the time with people asking what I'm wearing and stating I smell so good! Noticed a few coworkers are now wearing Beautiful now.,5.0
Great price for the size. Wife lives it. Arrived in a timely manner. Item was exactly as described. Happy with purchase.,5.0
Quality dispenser and what can you say about the aroma.... she loves it!  My only wish was that I could have gotten a slightly larger bottle.,5.0
"I have worn this perfume for almost 30 years, in fact, it is the only fragrance I ever wear.  It's like walking in a flower garden all day.",5.0
Wife loves it,5.0
"Wonderful fragrance !!  Have used it for many years and get frequent compliments.  Women appreciate the suability,  men ask ""what is it"" so their woman can smell seductive too.",5.0
this did not smell like it was suppose to. Ive been using BEAUTIFUL for years but this bottle was off.,1.0
"Very happy, real perfume not a imitation which I unfortunately have purchased from different site.",5.0
My wife likes it,5.0
Smells like flowers and got it for a great price here compared to stores. Lasts all day. Very strong smell.,5.0
I bought this as a gift but then changed my mind about.  They wouldn't take it back because it was a glass product just FYI,4.0
Love this product....have used it for years!!,5.0
Most favorite scent.  Beautiful is beautiful.,5.0
My wife's all time favorite and I like to smell this perfume on her and make her happy.,5.0
"It was not what we spected,it loses the fragrance very quick.it seems like it is fake.",1.0
I gave it a one star. The fragrance did not last as the bought at Macy,1.0
"My wife loves this stuff. She was sad that she didn't get it on Christmas, but I had ordered it and it arrive a couple days after Christmas. Needless to say, I got more bonus points for surprising her with Beautiful when she thought I forgot.",5.0
great product.,5.0
Awesome scent.,5.0
I liked the price. I also love Amazon and it's promptness.,5.0
"Beautiful is a fragrance I will always love whether it be  lotion, or spray. I have received many compliment on its fragrance when I wear it..",5.0
I love this product always have. And this is half the price I pay for it in department stores‚Ä¢ will buy again.fast shipping also.,5.0
My favorite scent and much less costly then the mall,5.0
"My wife loves ""Beautiful"". When she's happy, I'm happy.",5.0
I love this scent and have been told by others that it is good.,5.0
love it,5.0
It has talcum kind of smell. Not worth buying it,1.0
Am very happy. ...is my favorite perfume and delivery was fast,5.0
"Excellent, I love it",5.0
"Always a good purchase. Bought as a gift, recipient loved it!",5.0
Still my wife's favorite. Good sprayer. Stays a long time.,5.0
"Smells just as good, on my wife, as the first bottle I bought.",5.0
ESTEE SATISFIED!,5.0
Worked as expected. I would buy from this retailer again.,5.0
Beautiful is a timeless classic and I couldn't resist picking some up for the love of my life for Mother's Day!,5.0
Fast delivery....Good price!,5.0
I love the very light scent of this stuff...this is my girlfriend's favorite!,5.0
Great price,5.0
The perfume got here right away and smelled amazing.,5.0
Great service. My mom loved the gift.,4.0
Hello it's beautiful have lived in this 30 years !!,5.0
gift for my daughter and I know she will like it,4.0
"I purchased two bottles of the 2.5fl oz perfume as a gift for someone. It arrived really really really well wrapped, which was excellent. I had to sign for it, which was excellent because I was home and I'd hate perfume to sit out in the sun deteriorating. Although, if i hadn't been home it would have been a nuisance not to have it just left on the doorstep.The big and not so great surprise is that the two boxes of perfume that arrived don't have a top to them. The pink box with Beautiful written on it looks perfect until you see that the top of the box is ripped off.The site says that it the perfume is un-boxed and I think I would have been totally fine receiving just the bottles on their own. But, when they actually arrived in the correct boxes but ones that have been oddly damaged, I start to wonder if they is something dodgy about what I just spent $130 on.",3.0
My wife likes it...it was a Christmas present.,4.0
Very good price.  Will definitely order again!,5.0
Easy to order and my wife loves the fragrance,5.0
"my wife loves the way it smells, and so do I",5.0
My favorite perfume. I always get tons of compliments when I wear it. It's a light floral scent.,5.0
My wife's favorite; she loves this product.,5.0
This is NOT Beautiful.  It arrived.  It was pink in color and did not smell the same as Beautiful which I have been using for years,1.0
This id absolutely the best snd has been for years.,5.0
good price for something that I use daily!,5.0
The best smelling fragrance in the world..,5.0
Exactly what was ordered @ a great price.,5.0
I love this fragrance. Every time I wear it I get compliments on it. I've even had strangers stop me in a store and ask me what I'm wearing. ordering on Amazon saves me money over  the big department stores and saved me a painful trip to the mall. Highly recommend Amazon prime!,5.0
"I agree with the 3 star reviewer, but I'm more annoyed ;) I'm an online shopper, and I could have gone to a department store and bought this for the same price, so imagine my disappointment receiving this substandard product. Like a previous reviewer, the scent of this dissipates so quickly, I can douse myself with the stuff (10 -12 sprays) and have the scent barely detectable 4 hours later. I've been wearing this lovely fragrance for half my life (I'm 32) and have always received compliments but not since wearing this product... no one can detect a fragrance!! The product is packaged well, sealed, looks authentic, marked as eau de parfum, smells pretty close (something is faintly off- when the top notes wear off, the middle notes fade into something wonderful with my scent, but that isn't there with this product- maybe bc it's really the eau de toilette?), and if it weren't for the fact that it just doesn't last (!) I might have questioned/ doubted my nose. This is a DON'T BUY!!Update: Went to the department store and bought another 2.5 oz bottle of Beautiful and finally did a comparison. Four sprays and the scent lasts forever. The product sold here is not the real stuff. The color of FrangraceGo's fake Beautiful is a faint yellow, while the real stuff is a deep gold. The bottle is actually slightly different, too- the printing on their bottle is in the wrong place. This company is charging full price + shipping for a fake product. Absolutely ridiculous!!!!!!!!",1.0
My husband got me this for Christmas I love it and everywhere I go people say what kind of cologne do you have on.,5.0
Fast shipping. Product as expected and will order again.,5.0
"Love it,its my number one go to perfume",5.0
"Product was as promised, delivered as promised.  5 stars",5.0
As advertised. This is a real product.,5.0
Authentic,5.0
best ever,5.0
This is not BEAUTIFUL.,1.0
Order went well and product is great,5.0
Love it,5.0
will always remind me of my ex wife... so won't be purchasing again.,5.0
"Love it.  Glad I ordered it.  At  first I didn't like it, but after a few wearings I adored it.",5.0
A light floral fragrance that's nice for daytime use.,5.0
I have used Beautiful for many years and still get compliments when I wear it.,5.0
my favorite perfume for over 30 years,5.0
It smells damn good,5.0
"All time favorite. Love,Love,Love",5.0
Quick Service & reasonable prices,5.0
"I buy a lot of stuff from Amazon and I have never had a problem returning anything so here's my advice to you; buy it and try it, if it doesn't work; return it for a refund, even if it is open and has been used. No other web site allows you to do this!",5.0
The best women's perfume I've ever come across.The scent is unique. The perfect gift to my fiancee.,5.0
Does not have the scent like the true Estee Lauder Beautiful nor does the scent stay with you.  I do not believe it is the authentic product.,1.0
Good,5.0
It smells wonderful and it came very fast.,5.0
I love it. I have been using it for years.,5.0
Arrived on time.  Good quality.,5.0
My wife loves it.,5.0
I enjoy smelling good and this perfume is very nice,4.0
"Made my very happy, nuff said!",5.0
Absolutely love this fragrance,5.0
I bought this for my mom for her birthday and she LOVES it! Smells wonderful and fast shipping!,5.0
The person for whom it was purchased commented she did not like it because animals are cruelly used in testing it; etc.I don‚Äôt like it because Amazon did not allow me to return it.,2.0
Loves it's all she will use.,5.0
Used for 30 yrs. Estee lauder the only product that last all day and will let you return if you don't like it amazon gives good deals,5.0
Great product,5.0
Love Beautiful!!! Smells great and a great price,5.0
Wife using and enjoying.,5.0
I Live far from any retailer that supplies this fragrance.I was very happy to see that I could purchase it through Amazon.I liked the price and it was shipped to my home very quickly in all It was a terrific purchase :),5.0
"Pleased, =We buy often !",5.0
Used it before obviously one of my favorite perfumes!üòÑ,5.0
LOVE LOVE LOVE. . . . .,5.0
Good product good price,5.0
‚ù§Ô∏è It!!!!,5.0
"I bought this as a birthday gift for my mother. She absolutely loves it! The packaging was nice, and the price was affordable.",5.0
I have worn this for years and I think the name says it all,5.0
Fantastic price on a great fragrance,5.0
I've been in love with this fragrance for 20 years. Clearly I knew what I was getting when I made this purchase. :),5.0
A Christmas request from my daughter.,5.0
Smells really good...,5.0
My daughter loved it,5.0
It's a great product,5.0
My favorite scent....good price,5.0
"Product as described and fast shipping. Will do business again.  Thanks,",5.0
Product was old... imposter,1.0
my sister loves it.,5.0
great,5.0
Buena,5.0
My wife loves it !,5.0
My wife loves it.,5.0
Have not received yet but I am sure this is good stuff,5.0
Going to send back . I think this was out dated. Doesn't smell the same as my other I have purchased from department stores.,1.0
Mom loves this perfume.,5.0
Wife's favorite!,5.0
Best price ever!,5.0
Smells wonderful,5.0
Love it.  Only cologne I use.,5.0
My wife' and mine (smelling it on her makes my head and senses spin) - favorite. None better. Made for my love - that's for sure.,5.0
my wife love it,5.0
Wife's favorite!!!,5.0
Wife loves it!,5.0
nothing better,5.0
Great Price!!!,5.0
excellent!!!!!,5.0
good fragrance,5.0
This is my favorite perfume!!!,5.0
My wife loves it,5.0
Great value!!,5.0
Yearly gift.,5.0
Beautiful:),5.0
Beautiful.,5.0
Nice gift!,5.0
Good Stuff,5.0
"gift for mom, she loved it thank you",5.0
wow love the smell and stays on for a good while.Also great price.,5.0
Great!!!!,5.0
"Deep undertones of rose petals that linger throughout the day. Want a compliment on your choice of perfume when you are hugged? Then wear enchanting ""Beautiful"" by Estee Lauder.",5.0
Very happy with it,5.0
Good job,5.0
Nothing Near The Original.....Huge Rip Off !!!,1.0
love it,5.0
Love it,5.0
My favorite perfume,5.0
I love it. It came to me quickly and in perfect condition.,5.0
Great!,4.0
"Knock off, but very close",3.0
Great gift,5.0
Good,5.0
Fab,5.0
A little pricie for the oz. The perfume itself is what I expected.  Didn't arrive on time but the sellers were very nice aaccommodating.,3.0
It's fine. Smelled better on someone else.,4.0
THanks,5.0
Ohh I'm so glad I found this seller!! After getting a small pack of mini's I realized how much I'VE missed Beautiful.. I used to wear until I could no longer work and couldn't afford it..And here it IS!!!! A wonderful price!! Please don't change I'll need moreüòä!! Almost ready to buy anotherüòä I'm getting what I CAN at this AMAZING PRICE!!! THANK YOU!! I Must add at work I couldn't smell it but so many gave me compliments...I was told when others can and you can no longer smell it..Then You have the PERFECT  scent for your body's Chemistry!!! Hugs,5.0
I keep ordering this for my wife.......she loves it!,5.0
"Wife loves this stuff,that is  all that matters!",5.0
It was a present and she loved it.,5.0
Smells like a grandma . So if your getting it for your grandma it is perfect.,1.0
MY FAVORITE COLOGNE BY MY FAVORITE COMPANY. ESTEE LAUDER IS THE BEST.,5.0
Thank you for your follow up. Appreciate it.,5.0
"This was a fragrance I used years ago.  Have been using only fragrance sprays from B&BW;, decided to go back to real perfume.  Love it!  Great price on Amazon.",5.0
this is my signature  cologne,5.0
Wonderful,5.0
It's a little different than I previously owned.  Is it the same thing the department store sells?  It's little lighter fragrance  and doesn't stay longer.,3.0
Please as Punch :)  All is a grand smell for me as I take meds from many back surgeries. With these med's some perfume does not smell the same on my skin -However -this beautiful is perfect :) Thank You so much,5.0
Love it,5.0
My mom loves it! Got it as a gift for her.,5.0
Beautiful is my mom's favorite. Glad to find it at such a good price,5.0
It met my expectations!!,5.0
fast shipping great  it was a gift they like it.,5.0
MY MOM LOVES THE FRAGRANCE..........,5.0
Love the fragrance.,4.0
I think this product is fake - it smells completely different!,1.0
Nice smell most of my friends like it,5.0
very nice,5.0
My absolute favorite perfume!  I get compliments on it all the time!,5.0
I absolutely love this fragrance! It smells wonderful!,5.0
"This was a gift, she insisted on beautiful, wearing it for years , can't beat the price on amazon",5.0
The gift was well received,4.0
"Very good product, would highly recommend.",5.0
They refilled this bottle with fake.  I have been wearing this for 30 years and this does not smell like Beautiful at all!!!,1.0
great product,5.0
"Nice gift, smells nice.",4.0
My wife loves this perfume.  I love the price,5.0
Love it. Great service!,5.0
"I rated it a 5 because I have used ""Beautiful"" for a very long time.  I likebecause ""Beautiful"" is not harsh, but a soft smell.  I would highly recommenedit.",5.0
"I'm a long-time user of Estee products and love, Love, LOVE the Beautiful line.  From candles to soap, this is the ultimate female scent !",5.0
I love this perfume the only one I wear,5.0
It was perfect,5.0
Everytime I wear this sent I get so many compliments. Best scent ever hands down!,5.0
wife loves this,5.0
Excellent buy for the cost.,5.0
the woman that this gift was intended for believes the product is of poor quality and counterfeit. . Thx..,1.0
very pleased with this product,5.0
"I gave this to my mother for Mother's Day.  For what the asking price is for the 1.0 ounce bottle, I opted for the large bottle for a fraction more of the cost.  Just a flat out better buy.  It arrived fast and in the original packaging.",5.0
My wife's favorite,5.0
"Easy order, fair price, and delivered as promised.",5.0
BOUGHT FOR MY DAUGHTER BECAUSE IT IS HER FAVORITE,5.0
ordered for my aunt for christmas. she loved it,5.0
Have used this perfume before.Love it,5.0
Given as gift. Great price and delivery on time!,5.0
Small amount of perfume for the price.,2.0
I love this perfume and the price was great!,5.0
Only kind I can wear and I get loads of compliments on the perfume.,5.0
The scent is quite pleasant (I'd call it shower fresh) but does not match the product I've used before.  Puzzling.,3.0
"The fragrance is in the name.  It is not overbearing nor cloying like many, not sickly sweet or irritating to the nose, so what it is then is a light, lovely - beautiful fragrance... at least it is on my wife.",5.0
Wife's fav. Can't miss,5.0
Excellent. My mom loves this. No problems.,5.0
Wife loved it.,5.0
"Beautiful is, well, BEAUTIFUL!",5.0
"For the price I paid, I was afraid that it was a rip off copy...but it was the REAL thing!!!! I'll always check amazon in the future.",5.0
Always perfect !!!,5.0
Most popular women's fragrance in the world for a good reason!,5.0
"I got a pretty big bottle for a really good price, i wont be running out anytime soon",4.0
Great Price on .... My favorite fragrance !!,5.0
This was a Christmas gift for my sister so I cannot tell you about the product personally but my sister had worn this perfume for years and loves it.  It is a nice travel or purse size,5.0
Bought it for my mother and she loved it.,5.0
"Didn't really smell right, the name on the bottle instead of painted on it was a sticker. Will not purchase on line again.",3.0
Great price,5.0
"Yes, yes, and yes! I've been loving this fragrance since the 80""s. It's fits me well, my Saturday scent!",5.0
One of my three favorite perfume fragrances.  I often receive complements when I use Beautiful.,5.0
"My mom mentioned she liked this so I purchased it for her birthday.  It is a very nice floral scent and not overwhelming if used sparingly, but lasts throughout the day.  The one ounce bottle should last quite a while.  Packaging and bottle are pretty.",5.0
Beautiful is my favorite fragrance!  The 1 oz. spray lasts me all year. The fragrance is not too sweet and stays with me all day!  I receive a lot of compliments whenever I wear it.  LOVE IT!,5.0
Love it!,5.0
I love the fragrance but the cost was too much for that small bottle.,3.0
My wife really appreciates this as Beautiful is her favorite fragrance.  You cannot go wrong as this makes a great present for any occasion or in the alternative for no occasion.,5.0
best price anywhere,5.0
my favorite and a big bottle great price!!,5.0
"got this as a gift,  and they love it.",5.0
The scent is as pleasant as I remember.,4.0
thanks,5.0
my wife always loved beautiful since I first bought it for her. price seems good,5.0
Loved,5.0
Just what I expected,5.0
Excellent,5.0
"Another bottle of ""Beautiful""  Been a staple of mine for over 30 years.",5.0
Works exactly as described. Meets my expectations.,5.0
as stated,5.0
Wife ...and I...love this scent,5.0
This perfume is supposed to be wonderful and it was a Xmas gift but the top came bent and I had to rig it for my mom not good but it all worked out thanks to me ..........,2.0
One of my favorite,5.0
Mother -in-law loves it.,5.0
Smells great and came quickly.,5.0
"It gets me laid, buff said.",5.0
I got what I expected.,5.0
Smells good and gf likes it :),5.0
My favorite fragrance by Estee Lauder.,5.0
I  love it it is wonderful love the scent,5.0
Not the real thing,1.0
Perfect,5.0
It was what I expected.  I had purchased Beautiful before.,5.0
My wife loves it... what more do I need to say?,5.0
Perfect!,5.0
"I bought this for a friend and she loves it so much. Personally I believe it is a very fine perfume for a woman, any woman.Thank you.",5.0
have always loved this scent.. nice to find it a bit cheaper...,5.0
Christmas gift for friend,5.0
Love the scent,5.0
Love my perfume. Got here in a timely manner.,5.0
I've been wearing this fragrance for 10+ years.  Can't find another I like better.,5.0
I love Beautiful cologne.  I have been wearing it for over 20 years.,5.0
nice fragrance,5.0
"I have been wearing Beautiful for years and don't like trying anything else, I usually get disappointed.  It has a beautiful fragrance that stays with you all day.",5.0
"Beautiful is a favorite fragrance for me, and I always get compliments when I use it.",5.0
Wife loves it.,5.0
Great. Fast shipping,5.0
Love the smell.great price,5.0
My Mothers favorite so there's the only reason I need to purchase this for Mothers Day.,5.0
EXCELLENT,5.0
Smells great!,5.0
Love it!,5.0
I love this scent. It was packaged beautifully and the product was just as represented,5.0
Love it! great price for the size,5.0
Love it,4.0
fabulous price! this has been a favorite fragrance for many years.,5.0
Perfume & delivery all went great.,5.0
"I buy this for my mom every holiday, she loves it!",5.0
love that smell,5.0
My wife loves the travel size,5.0
It is Beautiful...the real deal.,5.0
Mom likes it!,5.0
"Some customers were complaining about bad boxes, items without boxes, etc.I received a new item in a fresh box exactly like I have been buying from the department store for over 25 years.",5.0
Love the fragrance !,5.0
I love the Estee Lauder scents!!,5.0
Still like the smell,4.0
Good product.,5.0
great,5.0
Have used & loved for many years,5.0
"Everything worked out perfectly - thank you.something old, something new, something borrowed, something blue. happy new year! more words..",5.0
"I have used Est√©eLauder's Beautiful since it first came out when I sold cosmetics at Nordstrom while in law school. This product IS NOT Beautiful. I compared the scent and all of the fine print on the bottle to AUTHENTIC Beautiful......NOT the same. This bottle of liquid smells like bug spray. The atomizer is different,bottle cap different, words on label on bottom different....most importantly, the scent is definitely NOT Beautiful. Having worn it for decades, I cannot be fooled. I actually ordered it at this unrealistic ally low price to see if  it is a knockoff.....in my opinion, IT IS. It came registered mail to California fromThailand, wrapped safely......but, ugh, I have been completely taken. Don't get caught!!!",1.0
Wife loves it. Price was righton.,5.0
"It was just as I expected it to be,  wonderful.......... thank you again",5.0
Great service. Excellent product. My wife loves it!...(and so do I!),5.0
great price,5.0
Excellent product,5.0
Satisfied w product,5.0
perfectgift,5.0
I bought the perfume for a gift and the person I bought it for was so excited.  So thank you for the great service.,5.0
She love it  that what counts,5.0
Love love the beautiful products.,5.0
Happy that I could finally save some money on the only perfume I use.,5.0
Bought this as a gift for my mother. She loved it!,5.0
great,5.0
Good product,4.0
Bought this for my wife and she loved the fragrance.,5.0
"Fresh smell, no damage to the bottle.",5.0
"Was a gift for my aunt, she liked it.",5.0
Good Product.  Love it.  Good Price.  Beats the Local retailers,5.0
I purchased it for a relative who loves it.  I probably like it less than others that I use more often but that is just my opion,4.0
"I bought this item for my wife who absolutely loves the scent.  She seems to be wearing it all the time.  However, I thought that the bottle would have been a bigger size. The scent is intense and i love to smell it on her. Great buy!",5.0
it doesn't smell as if it is new and as if it were damaged. No more biz w/this site that is for sure!!,3.0
My ONLY perfume!,5.0
Love this eau de parfum. It smells so good!!!,5.0
Got this for my wife for Christmas.  Price is great.  20% less than department store and exact same product.  What else needs to be said?,5.0
Love this scent!,5.0
Product I received is what is pictured! Thank you!,5.0
Don't get any complaints from men about how this perfume smell...,5.0
Good Product,5.0
"Nice product, all is well",5.0
Estee Lauder is great as always.  Beautiful is beautiful it was price great and I will be ordering more for my family and church members.  Please keep up the good work and the wonderful pricing.,5.0
"Gift from my son in law, wonderful, sent lasts for hours! I love it!",5.0
very pleased got it just in time for Christmas for a awesome price!,5.0
Just what I wanted at a good price.,5.0
love this perfume!,5.0
"Just ok,",4.0
Just love it.,5.0
Love it!  My signature scent.,5.0
Package arrived in immaculate packaging! Wife loves it!,5.0
My wife smells wonderful!,5.0
I have recommended to several people advertising allowing people to see or smell/touch a new product first hand gain their reactions,5.0
My wife loved it,5.0
gift,5.0
Got exactly what I wanted!,5.0
"I love it! Great price for the best product, my all time favorite!",5.0
It was a gift.,5.0
"As always, the recipient was enthusiastic.  This is a lovely scent by Estee Lauder that I hope continues to be easily found.",5.0
gift for my wife..she loves it and has used this for years,5.0
I got this perfume for my daughter it is her favorite she loves it and was surprised at the reasonable price,5.0
wonderful Mother's Day gift!,5.0
She loves this stuff and it was just what I ordered. Much better prices than going to the department store.,5.0
It is among my favorites.  Mixes well with my body chemistry.  Get lots and lots of compliments when I wear it!!!,5.0
The spray was broken but I just exchanged at a store,3.0
Bought this for my girlfriend for stocking stuffer at Christmas. She and I both enjoy it's light fragrance. Very nice.,5.0
My signature scent.  Love that Amazon can offer me a deal!,5.0
awesome!!! look forward to future order's. :),5.0
She loved it. Good price.,5.0
Always a reliable gift.,4.0
My Favorite perfume,5.0
"I was pleasantly surprised, it was fast and postage free.",5.0
Great price and shipped on time.,5.0
My favorite of all times!!! I keep going back to it for 20 years now!!! I love it! And it's name is perfect!!,5.0
Great product just a little expensive.,4.0
This is my favorite for over 25 years.,5.0
wife is happy and so am i,5.0
I purchased this as a gift for my mother. She has been using this for about 40 years. I even like the smell. Well packed and arrived quickly. Would buy again.,5.0
About $18 cheaper than dept stores. Worth the buy!,5.0
We love the product. Smells good on my lady.,5.0
Wife love's it,5.0
Love this light and lovely scent! This cologne always get compliments and people asking what  scent is that am I wearing?,5.0
"Very good product and very good price, I say this because my Wife loves it and uses it.  Steve Morrison",5.0
"I love this parfum, it is my signature fragrance.  It is not for old ladies, it's for awesome women of all ages.",5.0
as expected.,5.0
"Great price, quick delivery",5.0
This gift was for my mother.  She was very pleased.  Beautiful is the only perfume she has used for several years,5.0
Great scent! Been wearing it for years.  The price and ease of buying on line savesme time and money.,5.0
Item arrive on time and as Described,5.0
This is my favorite scent!,5.0
My wife's favorite !  She loves it!,5.0
This fragrance is beautiful!  I love wearing it. I will certainly purchase this item again. Thank you for your inquiry.,5.0
seemed a bit old but recipient was gracious,4.0
This smells wonderful...like roses.,5.0
"Just a matter of personal preference by a women. My wife loves the stuff so if she's happy, I'm happy.",5.0
Excelente!,5.0
It came to my door for a reasonable Price,5.0
My wife loved it.,5.0
Nice,5.0
she loves it...good enough for me :),5.0
Great price over buying in the store.,5.0
"I love this perfume, it was nice to get it cheaper and not have to go to the mall and fight through a crowd",5.0
Great product,5.0
Very pleased,5.0
I love it.,5.0
"I love it!  This was a better price and exactly what I wanted, and I will definitely be purchasing here again.",5.0
"Great gift, my lady loved it.",5.0
My absolute favorite,5.0
My wife loves it--I love it!,5.0
my favorite fragrance,5.0
"I mean,the scent lasts long,shipping is fast,but i guess its too sophisticated,very strong,ives me headache,a lot ov them,my mom wears it",2.0
Perfect!!!!!!!!!!!,5.0
"I would buy this for myself again and for presents. It has a delicious smell. Good price, i always paid more for it elsewear",5.0
Have been wearing this for 40 years,5.0
my favorite perfum,5.0
Perfect,5.0
Beautiful is a classic.,5.0
Great Price.,5.0
The  wife loved it. She has been useing it for years.,5.0
No problem,5.0
rave!,5.0
Great but,5.0
Fantastic!!!,5.0
Excellent scent. One of my favorite perfumes.,5.0
Perfect,5.0
Very pleased we can buy this product from you & don't have to make a trip to the stores. Thanks,5.0
This is my favorite Parfum and it smells so good. Many compliments when I have this on. You will too.,5.0
like it,4.0
Her favorite!,5.0
My girlfriend loves it so do I.,5.0
My favorite perfume....,5.0
Hate going to the mall to purchase these items.  Love finding them and sometimes cheaper then the mall stores. Thanks.,5.0
Perfect,5.0
the best,5.0
I love Beautiful by EsteeLauder...so fresh & such a pretty floral scent...it's one of my all time favorites & has been for years,5.0
Wife always uses it and with the prices at Amazon on the larger size I just got two no dog house for me LOL.,5.0
was a gift,5.0
THE PRODUCT IS SPECTACULAR WITH A DIVINE FRAGRANCE I RECOMMEND TO BUY THIS FRAGRANCE TO THE BUYING DEMAS MY WIFE REMAIN DELIGHTED AND I ALSO REGARDS TO ALL THANKS.,5.0
She loves it.,5.0
"Great scent...everyone says it smells so good and I don't have to go to the mall and deal with parking, etc!",5.0
THIS TRANSACTION WENT AS ADVERTISED.,5.0
Ok,2.0
Perfect,5.0
Very Happy,5.0
great,5.0
My favorite!,5.0
My wife's favorite.,5.0
"I choose this rating because is the larger one, but I will added one more star when I walked it leave the sense in the air,",5.0
I love this perfume. It was a great price as well as a great product. This is my favorite perfume.,5.0
Item was ok...pricey but was surprised at how small the bottle was.  My mom loves this fragrance and she was happy,3.0
wife liked it,4.0
Perfect,5.0
A++++,5.0
I love this perfume and found it much more reasonably prced online.  It continued to give me the smell I was looking for.,5.0
She loved it,4.0
I love this perfume. I have loved it for more than 25 years. Great price and was shipped very fast.,5.0
I have worn this fragrance for a number of years & get a lot of compliments when I wear it,5.0
"This was a gift bought for someone. It came as described & is a very good product. Will definitely do business again, thanks.",5.0
"My mom has been using ""Beautiful"" for years and loves it.I love being able to get her her favorite perfume as a gift and her not knowing about it.",5.0
"Have used for a number of years. Does not knock you down, but stays with you all day. They have other scents that I also like.",5.0
What more can a guy say about woman's perfume except that I like the way it smells on her too.,5.0
Excellent product . Beautiful aroma as the name indicates . Everyone always says oh  that wonderful smell. what are you wearing,5.0
"It might have the reputation as an old standby fragrance, but Beautiful is a classic.  If you're not sure about what your significant other might prefer, stay away from the new trendy scents and buy this.  That way you have a great comeback if she doesn't think she'll like it,  ""Honey, I saw the name and thought of you.""  Say that and I bet she tries it.",5.0
"I've worn ""Beautiful"" for over 20 years and have always received rave ""reviews"" from my friends when they detect its fragrance on me.  The pricing on  Amazon is remarkable--I was buying it locally at an Estee Lauder ""outlet"" which had ""good"" pricing (better than department stores)...but the Amazon pricing (unboxed) is truly amazing!",5.0
"My wife smells Beautiful.  She smells like she did when I was a senior in high school, back in 1985.  When I smell this perfume on her, I float back to those days, and time stops.",5.0
Not even close to the smell of the estee Lauder beautiful!  Smells cheap!  U get what U pay for.  I threw it out after one use!DO NOT BUY!,1.0
I am a fan of all fragrances by Estee Lauder.  I have several favorites and Beautiful is near the top.  This was a Christmas gift from my husband.  He says I smell wonderful when I wear it.  I tell him I actually smell Beautiful.  (Clever name.),5.0
THIS IS A GREAT PERFUME. NOT OVER POWERING LIKE MOST AND YOU DON'T NEED TO SPRAY A LOT. SMELLS NICE AND SOFT. I BOUGHT THIS FOR MY SISTERS BIRTHDAY BECAUSE IT'S THE ONLY KIND SHE WILL WEAR.,5.0
Purchased as a gift and was very satisfied.It arrived in good condition and on time. The very same product as in the department stores and a small savings too. One of my wifes favorites.,5.0
"This perfume is a favorite of both my wife and my mother.  It's nice and all, but it's just too expensive.  I guess that's the way it works with name brand perfume.",4.0
The name of this perfume is perfect. It smells Beautiful. Not to intense or heavy of an aroma. Just right. Would highly recommend.,5.0
The product was just as advertised and it arrived on time. I would order from these guys in the future.,5.0
I love Beautiful and it is a fragrance that must be good with my chemistry because others notice and compliment me.,5.0
My absolute favorite perfume. Save so much money buying on line. And the best part is i dont get a parking fine.,5.0
"Bought this as a Christmas present, so naturally i dont wear it. My sister in law was very pleased and happy.",5.0
Product was as expected at a good price. Fast delivery. I am very pleased with my purchase,5.0
I'll budget hard to be able to buy this perfume.  It is light but heavenly.,5.0
"This is my favorite fragrance.  It is not too heavy or overpowering, just right.",5.0
Arrived on time and am so happy with my purchase!,5.0
Arrived in a timely manner. Love the fragrance!,5.0
The item does not come in a box as pictured and the size is far less than the .6 oz advertised.,2.0
Great price.  An amzing smell that always gets compliments.,5.0
My lady smells like a beauty queen,5.0
"This isn't so much a review of the product as it is a warning to all you guys buying for your sweetheart.I purchased this being fairly sure that her perfume was ""Beautiful"", and also fairly confident in Amazon's return policy if I was wrong. My bad, she wears ""Miracle"" and Amazon won't take this back.So I'm not so happy getting another one of those $77 lessons....to double check before ordering (even if it means letting her know what you are buying)! And if anyone needs a bottle of Beautiful, I have one I'll let it go cheap.",1.0
love it,5.0
"I was not happy at all, have used this for years it was not the same.The box was not sealed,so I feel that it was tampered with the smell was awfull, just glad to get a refund . Thank You",1.0
"Arrived in an envelope , so the box was all smashed and unsuitable for a gift. Scent and color is different from a bottle purchased from local department store. Not sure about this product being authentic because it differs from the authentic bottle I own. Also, scent is very short lived, it completely disappears in about an hour! Disappointed:(",1.0
"I have worn Beautiful by Estee Lauder for over 15 years.  I get compliments often.  Budget minded, I needed to find a better price that retail and Amazon was almost the most inexpensive one I could find.Beautiful By Estee Lauder For Women. Eau De Parfum Spray 2.5 Oz Unboxed.",5.0
"I received this product and it is not Beautiful by Estee Lauder, it has to be a knock-off.  I could tell as soon as I opened it and compared the bottle with my original bottle I already had at home, the color was off even the feel of the bottle was different.  And when I flipped if over it was not numbered like all my previour bottles have been.  I have been wearing this perfume for 22 years and this is the first time I have been ripped off. I ended up going directly to Estee Lauder to buy another bottle because I can not wear what I got from this seller.  This is what Estee Lauder told me when I told them what happened to me.  Do not buy from here, you won't get what you pay for.Hello:We would like to take this opportunity to thank you for completing the esteelauder.com BizRate Survey. We appreciate the time you have taken to share your comments with us. Thank you for providing us with valuable feedback.We are so pleased to hear how much you love using Estee Lauder products.We are happy to know that we could provide an easy and convenient shopping experience at  esteelauder.com so that you can shop right at home and find all of your favorite Estee Lauder products.We appreciate the opportunity to explain that we are an authorized online distributor for Estee Lauder products and can assure our online customers that they are purchasing authentic, high quality products directly from a brand they know and trust.You should know that there are sites selling our products that are not authorized retailers of our products.  This means that they do not obtain the Estee Lauder products they sell through us, which does not allow us to exercise quality control over products they sell.  We cannot guarantee the freshness or authenticity of the Estee Lauder products they sell.  If you have any questions, please feel free to email us and we will be happy to address any of your concerns.We hope that you will continue to use and enjoy Estee Lauder products and online services. Don't forget that our site is updated every month with new features, new products and more. We truly appreciate your business and look forward to your next visit.Thank you,Theaesteelauder.comCustomer Service",1.0
"This is my wife's favorite perfume so every Christmas I brave the cosmetics counter at Macy's to buy her a new bottle.  She loves it and prefers the scent to anything else on the market and has been using it for several years,  Of course I like it too :-)  Like most popular perfumes it's expensive, sort of like liquid gold.  As Christmas approached this year, I was behind on my shopping and having difficulties finding what I wanted.  I checked out Amazon and was surprised to find Estee Lauder Beautiful available, Then I read with dismay that there are lots of knock off perfumes out there for sale online.  After reading all the reviews I crossed my fingers, placed my order and received a box from Amazon just in time for Christmas.  Upon inspection, it's the real deal.  Wife is happy, I saved some money and didn't have brave the winter weather to go to the mall!",5.0
company was great but the perfume smelled like ant spray.  Purchased many times before.  Would buy from company again as they were gracious to return the item.,2.0
"I love Estee Lauder lBeautiful perfume, and have used it for many years.  Always get compliments.  It is a long-lasting, suttle, not overpowering aroma.  HOWEVER, this purchase may have been one of those knockoff's/impersonater things.  It was NOT the same perfume, it seemed to have been ""cut"" with another liquid.  I purchased a smaller bottle from a department store afterwards, and it was as it should have been.  I have ordered this product before from Amazon, and it was always as it should have been...........until this time, when it was definitely a fake.  Amazon customer service treated me right, as always.",1.0
"I don't think this is a legit version of Beautiful.  The fragrance is much fainter, like it's watered down.  When I ran out I went to the department store instead.",2.0
I believe this is Est√©e Lauder as it smells like the almost empty bottle I bought at a department store. But I do agree that the fragrance has changed somewhat from the past.It is still very light and clean smelling. Not too strong (which is why I love it). The scent lasted all day. I usually spray a little on my blouse as my skin is sensitive. At night I could still smell it on my blouse.,4.0
"This is not the original scent, this is a knock-off sold in the same bottle. My mom has used this fragrance for years,  we smelled them side by side from the bottle purchased in the department store. They were definitely different.",2.0
Very disappointing...... this product I have used before and loved it!What I received through amazon smelled like cat pea!  Old and stale!  Had thrown out the package wrap and could not return!  First major disappointment with Amazon.,1.0
"This is my favourite perfume but the reason I give it three stars is that the scent doesn't last long as the one I had before. I don't know if it's because it is old stock or had they change the mixture but the little Beautiful I have in my bottle which I had for years, that scent out last the one I bought lately from Amazon.",3.0
"I purchased this as a gift for someone who only wears this fragrance and was a bit nervous after reading some of the other reviews that said this wasn't the actual fragrance. However, it was the original product as described, and the recipient of this gift loved it. Personally to me, this fragrance is somewhat grandmotherly in it's musky, cloying scent, but I'm glad that she got what she wanted and enjoys it.",5.0
This product does not smell like the original version. We bought this thinking it was the original brand but something is different about it and does not smell good like the original per my wife that has been using this product for 15+ years.,1.0
"I am so thankful for all of your reviews. I am a Beautiful expert and I would have been VERY upset to have waited on my product only to find out it wasn't what I thought I was getting. All of my Beautiful sisters, be ware!!! We know what the bottle looks like on the picture and I can tell just from the selections that it is a lighter color and even though they do not disclose that it is like Beautiful Love or another of the sister products, we can tell. We know our brand!! Trust your gut. You probably had an inkling something was not right. Shame on you seller for not disclosing the mixup and addressing each of the customer concerns. You just lost a customer because you seem to be hiding and don't care about valued customers!!!",1.0
This fragrance is superb. Its just mesmerizing and so subtle but so addicting. I LOVE IT. I have also bought the Body powder and it also is just wonderful. You will not be disappointed. I have worn it and I get compliments. Everyone says its so soft but so nice and they want to write the name down. Don't hesitate. Its just delightful.,5.0
"Product was over the 3 year shelf life and smelled stale. I wrote to seller and within two days had a new bottle but same production code, its was the same old and stale. I just asked for my money back. My wife uses this perfume all the time so she knows what its supposed to smell like.",2.0
"I sent this parfum to my sister-in-law who has used Estee Lauder's Beautiful before.  She stated that this parfum was unsatisfactory, because neither she nor anyone at her Rehab Center could smell the fragrance.  Even a heavy spray on various areas was barely detectable.  She wondered if the parfum had been watered down.",2.0
"Sprayer came broken, amazon say's ""not eligible for return"" Seriously, what I am supposed to do with a broken 50 dollars bottle of perfume? Also, doesn‚Äôt smell like the original scent. But can‚Äôt tell for sure, because it‚Äôs broken! Very disappointed.",1.0
"A gift for my granddaughter. Her very first ""grown-up"" perfume. She loves it. I've loved it, as well, for over ten years when I received it as a congratulations gift. Not all scents smell the same on every woman. Before you buy one for someone else, take that into consideration.",5.0
"I usually buy this at Macy's, however, when I looked at the online price, it seemed pretty over priced.  This is a smaller bottle (not the largest) but worth the $50 charged for it.  I bought two.",5.0
"I've worked for Clinique, and Christian Dior cosmetics.  I've worn Estee Lauder Beautiful for years and I have not any problems at all with this product and the seller.  I love it!",5.0
"Delicious scent, sweet but not cloying. Any aromatic product should be sampled on the wearer's own skin (and this applies to men's as well as women's fragrances) so you can determine if it suits you. We all have different body chemistry.",5.0
"The most pleasing scent I have found in 50 years....light, airy, and doesn't change it's aroma when applied to my skin or clothing as many others do.",5.0
"Product was described as new but unboxed, and was scheduled to arrive no later than Dec 21st.  I was never contacted to let me know that shipping was delayed; it finally arrived Dec 27th.  The perfume had no cap and there was a sticker on it which read ""Demonstration only.  Not For Resale."" When I called the company to find out what was going on, they told me that I should have known ""unboxed"" meant ""tester"". They even sent me an email copy of their ad--- which states ""Testers and unboxed products are exactly the same as the regular perfume, except testers usually come in a plain box--with or without a cap.  Unboxed products are the perfume or bath product, only without the box"".  Tuccini gave me an RMA # and told me they would accept the return but that I would be responsible for shipping costs both ways, plus a hefty ""handling/restocking"" fee.  After weeks of calls and emails with Amazon (we filed an A-to-Z Guarantee Claim) and Tuccini, I finally received back the entire amount of the purchase, plus extra credit from Amazon.  Although I ultimately was taken care of, this was an absolutely awful experience, and I am dismayed to see that the Tuccini ad looks exactly the same (which I believe is misleading).  I further question whether Amazon should have such a business as one of its merchants;  is it even legal to resell testers?",1.0
I have always loved Estee Lauder's Beautiful. It's been my go to fragrance for years. I found the key with this one is to remember that less is more. It really stinks if you put to much on so it's best to spritz and then walk into the spray then you get a perfectly delightful smell that lasts a long time.,5.0
"I bought this for my wife for Christmas and she was disappointed with the smell. Although it smells like ""Beautiful"" the oder seems not as strong as the bottle she bought at Macy's. Kind of like it's been watered down if that's possible.Very disappointedd and will be paying full price at larger department stores from now on. I guess you get what you pay for.",1.0
"I'm always receiving compliments on Beautiful perfume, you smell great, good, what perfume are you wearing it's so nice...I started wearing beautiful over forty years ago...and hopefully another forty:)",5.0
"I have been wearing this perfume for 20 + years and this is the first time I've ordered it from this seller. This bottle smells awful! It smells ""spoiled"" and not at all like Beautiful. I was unable to return it. Beware of buying perfume online when it's not from the manufacturer, I suppose.",1.0
It is the only perfume I use and the price was 1/3 that I would pay at the department store.  I am very happy and will buy again.,5.0
arrived ahead of time. Everything packaged well. This fragrance is so very lovely. Makes me feel like I'm floating through a garden.,5.0
This product is the same as you buy in the big-box stores and is much less expensive online. It keeps the wife happy.,5.0
"Wow all these negative reviews . It's the real Beautiful people , smells amazing. I would definitely go get your noses checked .",5.0
My mom loves this stuff so I buy it every year for Christmas.  I haven't heard any complaints and doubt I will unless someone tries to ingest it.  This makes my mom smell like my mom so I highly recommend it.,4.0
"Item is as described in original box and seal was not tampered. I have been using this perfume for over 15 years and can honestly say this is not a fake. However, due to my experience with this perfume I believe it may have been a bit stale but definitely original. I've bought this perfume from large department stores in the past and after not using it for a long time I noticed that stale smell which is how I recognized it with this one. But it is very slight. If not, I would have contacted the seller about it. For the value of this perfume it is nothing to complain about. I would definitely still buy from this seller without a doubt!! I would highly recommend...great price!!!",4.0
"I buy this regularly! Loved the scent for years, get tons of compliments. Shipped in an oversized box with inflated packs to ensure perfect condition when shipped",5.0
my mom ordered this perfume and she loves it.,5.0
My personal favorite.  I am enjoying this so very much.,5.0
Arrived on time and as expected.  It is the same perfume as in the store.  I would purchase it again.,5.0
I have used Estee Lauder's Beautiful off and on for years and still love it. I have received many compliments on the scent.,5.0
love it,5.0
I've used Beautiful for years. This bottle does not smell quite right. Like maybe it's old or was left in sunlight. I've purchased it Amazon for sometime.,1.0
This is my favorite! I have too many allergies to strong scents to buy most perfumes. Got this at half-price.,5.0
My favorite perfume! It smells different on each woman. I get compliments almost every time I wear it!,5.0
"I‚Äôve been purchasing Beautiful for 20 years. I have purchased from Amazon more than a couple times.This is real, not a knock-off.I buy the small spray bottle for travel since I do not like the the ‚Äòrollerball‚Äô.",5.0
I always like the smell not too strong and yet not to lame.,4.0
"This was awful. Could not return. Husband bought as Christmas gift. The smell made me sick and I've worn ""Beautiful"" before. This did not smell right.",1.0
I like the perfume because it makes me smell pretty.  And the price is better than found at other retailers,5.0
My lady friend loves this perfume and I agree with her!,5.0
"Cheap knock-off.  The perfume looses its aroma after about 5 minutes, but since my wife has used this brand for years I know it should last for days....literally.  Also, the printing on the outside of the bottle wipes right off, unlike the good stuff she has bought from the department store for years.  I tried to surprise her with her favorite perfume by ordering since I could not get off work and go to the store.  She ended up throwing it away.  Will not buy this again.",1.0
Great purchase.  My favorite scent.  Good price.  Arrived in perfect condition.,5.0
I love it.,5.0
My wife's favorite perfume.....what else can I say except GREAT PRICE!!!!!,5.0
My wife only buys beautiful.  So every year for xmas and her birthday she gets her favorite - thanks a million,5.0
Love this fragrance:-),5.0
Sweet scent...not strong that's why I like it...,5.0
larger size than I'd imagined. Wonderful product at great price,5.0
Was so great being able to get the perfume in the mail. Beautiful is my favorite. Love the scent. Thanks,5.0
Much cheaper than department stores and exact same product.,5.0
My wife asks for this every Christmas and this size gets her from one to the next easily. Smells very nice as well.,4.0
Smells Beautiful,5.0
Sent this as a gift to my mom.  She loves Just Beautiful and gets lots of compliments.  She wears it daily.,5.0
Great size for the price I will buy again,5.0
"I love this smell, and it sticks for a fairly long time. It's pretty strong and floraly. Cheaper than Macy's and Sephora.",5.0
Beware.. first bad review to ever write! This is absolutely expired perfume! I would not use this as air freshener it smells so bad.  I will never buy perfume online again! I know what beautiful smells like...do not purchase!!,1.0
Best fragrance ever,5.0
it is the exact same product i purchased at a mall store. The only difference is it is 30.00 cheaper at amazon. Was amazed at the differencein price. Plus my wife loves it.,5.0
I purchased this as a gift for a friend and she loved it.  The scent is light but very stimulating.  She reports that the perfume is identical to Beautiful she has purchased in the past so there was no indication of the problem reported by others about a counterfeited product.  Perfume is a very personal preference so I would recommend trying it at a local department store but I am very satisfied with the purchase.,5.0
I LOVE THIS PERFUME.THIS MAKES YOU FEEL VERY COMFORTABLE  NOT A HEAVY SMELL.,5.0
Boxed perfectly.  Smells as expected.  Good price.,5.0
"I don't think this is the true ""Beautiful"".  The scent is not as strong, something isn't right.",2.0
Will definitely buy this again when product goes on sale!!,5.0
Got this for my mom for her birthday. She loves it. It smells sweet and flowery. You don't need to use a lot either; a little goes a long way. Nice perfume!,5.0
Great price great product used it for many years first bottle in long time it has not been affordable.,5.0
Smells great,5.0
This is a very nice perfume with a beautiful scent to it. I am happy with this purchase.,5.0
It's beautiful,5.0
Terrific,5.0
"I'm not very pleased with the smell of this Beautiful. It smells like it's older/expired.This has always been my favorite scent, so I'm super bummed.",1.0
Love it üòç. Smells delicious as always. My moms love ‚ù§Ô∏è it,5.0
"This is by far my favorite perfume. I have wore it for years. It is lightly scented, yet people say, wow, what are  you wearing, that smells so good!",5.0
Good price,5.0
"I bought this for my mom, and the price for it on Amazon was lower than any of the department stores I went to. This scent isn't for everyone, but it sure smells wonderful on my sweet, elderly mother! Thanks Amazon, for keeping your prices so reasonable!",5.0
Wonderful gift!!!,5.0
Smells great!,5.0
"The price was right, the shipping was awesome and the fragrance can't be beat.",5.0
Perfect fragrance,5.0
smells so good,5.0
Usual price and quality at half the volume,3.0
"I love Beautiful perfume and have used it for many years. I have bought it online several times previously without a problem, but the last bottle was definitely rancid. It didn't come with the usual cover, so it might have been used or opened previously.  Amazon was kind to credit me for it and I threw it away.  Beware--smell it immediately to ensure you're getting fresh perfume. My husband bought me a fresh bottle from Macy's...and it's just beautiful!",1.0
"this is not what I expected at all since I had bought this ;previously  This is the very cheap, very high alcohol content and does not smell at all like their Beautiful product.",1.0
"This looked like the real Beautiful, but after a short period of being on your body, the odor turned to a sour odor. I have been using Beautiful for over 2 Decades and this is definitely not the right stuff, have to go to Macy's and get authentic Beautiful.",1.0
I purchased this as a gift for my fianc√©. She asked for it by name. The perfume was delivered wrapped in its original box.The bottle was new/unopened. The fragrance is nice and not overpowering. It makes her smell as beautiful as she is.,5.0
excellent,5.0
My daughter is beautiful and the perfume matches her.,5.0
Delivered promptly but doesn't smell like it does in the store. Not sure if it is old or what is wrong. Very disappointed. Wish I had gone to the store so I could take it back.,2.0
As with  other purchasers I found this bottle to be unsatisfactory!! It may be less money bit it is also WAY less scent. I think it's a knock off. Even street it's first spayed on toy can hardly smell it.  I've used this perfume for years and this is the first bottle I've had a problem with. Purchasers beware!,1.0
One of my favorite perfumes!!  Great price too!,5.0
Soft scent for daily use. Will not over power others unless you have too much on,5.0
"This was a gift for my daughter in law. She mentioned several months ago how much she liked the perfume. I almost forgot to order, as I was so busy ordering for Christmas. However, I ordered in time to have it delivered ON HER BIRTHDAY!",5.0
I probably should have ordered a smaller bottle before knowing how well my wife liked it. It is a wonderful fragrance though.,5.0
This is my signature cologne.  It never fails that someone will comment on this lovely fragrance.  It must have something to do with my body chemistry because no other fragrance has caused so many comments.,5.0
I have bought Beautiful for many years and could not pass up this great price,5.0
I have been wearing Beautiful for 27 years...and that is not the perfume that was in the bottle that I received...So disappointed!,1.0
"At first I felt like this was an older scent, as my mom and granny wore it when I was growing up, and hesitated wearing it. BUT then I did, and I love it. It is a little strong at first, but that wears off quickly. The scent stays with me all day and smells so feminine and light and nice, and not too sweet. Every once in a while I'll catch a smell of myself and just smile. Definitely a keeper :)",5.0
Confortable size. Wonderfull fragance!,5.0
"I have been using this perfume for 3 bottles now. A co-worker was wearing it and it is such a lovely scent for a lady to wear. I mean the name for this is perfect. It is clean, has a touch of flowers and they say it has some citrus in it but I just know this is a wonderful wonderful perfume. I have had lots of compliments on it. They sell small bottles or if you dont care to do that go to Macy's or Dillards and ask for a sample. I think you just might get hooked. :-)",5.0
Good deal,5.0
"no smell, cracked bottles",1.0
"Beautiful in a box! I have used this for years and It arrived early, very safe and sound! Thank you!",5.0
The seller indicated the size as .5 oz. in stead of 0.5 oz.  Many people like me would think it is 5 oz.,2.0
I've been wearing this perfume for years.  I was glad to be able to purchase it on Amazon.  Thanks!,5.0
It doesn't seem to smell quite the same as the department store purchase.,2.0
I bought a bottle of Estee Lauder Beautiful 2.5 perfume as a gift for Christmas it was not packaged correctly and it slid around in the bigger box with other items and  the bottle was complexly smashed in it's own box. The scent was lingering among my other items in the big box. Very disappointed. Contacted them via e-mail- No response.,1.0
This has been my favorite cologne for 28 years. It's the ONLY cologne I wear that attracts attention!,5.0
"I was concerned because price was so low but it's legit, my mom loved it. Deff would buy again.",5.0
"Love, Love, Love this scent.  You can wear it with everything, and feel very pretty and femine.  It is not offensive or overbearing, even at the office.",5.0
"My mother has been using Beautiful since it came out. I was shocked at how fast it was delivered. For those who are curious of the scent, it has a hint of sweetness and reminds me of a soft scent of Coco Chanel Mademoiselle",5.0
I love this perfume. My mother used to purchase this for me every year. She has pasted on now. It's nice to finally have this perfume gain after 7 years.,5.0
This is FAKE! Made in Switzerland stamped clearly on the back of the box. Very upset at the dishonesty.,1.0
Love Beautiful and the continuous compliments!,5.0
"This is like my 3rd bottle, and my now signature perfume. I love it, not too sweet and not to heavy/stinky. Just right. LOTS of compliments. I absolutely love it.",5.0
"Another gift, all I got was thanks but I know she likes it",5.0
I love this perfume. It last all day.,5.0
Love this scent. I always get compliments when I wear it. Not overpowering or sickly sweet.,5.0
"This was my go to perfume for years, but when I went to restock, the fragrance had changed completely. It's not even close to the original. It really should not have the same name.  I checked the scent at Macy's and it was upsetting that the counter clerk insisted that the scent had not changed, when it obviously has. Est√©e Lauder should bring back the original Beautiful, but it doesn't make it anymore (check their website for other disappointed customers.) All their other fragrances (White Linen, Cinnabar, etc) have stayed the same. Beautiful should too!",1.0
"The price was great and the delivery was timely. Awesome experience,",5.0
This is not authentic.  I have been using Beautiful for 30 years.  I was so excited to see it here for a fraction of the price.  It is fake. It is darker than the real product and it smells like cheap spray. I called and got a reimbursement.  Be careful.,1.0
This was very rancid.  An old bottle.,1.0
great everyday scent. Easy to hold and bottle is sturdy. Spray mechanism well designed. Never breaks or clogs. Like the light not too flowery smell.,5.0
"My wife loves ""Beautiful.""  And I love ""Beautiful"" on my wife.  I usually gift her with a bottle in her Xmas stocking.  But oh how I hate to fight the crowds in a Department Store during the Christmas shopping season. .  So this year I checked Amazon, and sure enough, it was available.  And with our Prime membership, shipping was free.  The ""Beautiful"" way to shop!",5.0
"Been using this perfume since 1989.  It's my every day and special occasion perfume.  In other words, it's the only perfume I wear!",5.0
Maybe there was an ingredient change or maybe I got a knockoff. I have worn Beautiful for over 20+ years and this one has a ‚Äúsmoky cigarette‚Äù smell mixed with a hint of the original. It is gross smelling. I am not even able to use it as an air freshener.,1.0
Love this scent will be ordering more in the future,5.0
Bought it as a gift.  It's my daughter-in-law's signature fragrance.  It isreally a very nice fragrance.,5.0
"What I love about this perfume is that it smells diffrent on everyone who wears it. My very favorite perfume is getting harder and harder to find, so I've recently made this my day scent. I get a lot of compliments on it, especially from men. Give it a try!",5.0
"I'm afraid this fragrance seems quite different from the scent to which I was accustomed.  It is nice, but not what I expected.",3.0
"a little strong for older ladies, but it is very nice. Smelled better on the lady when I asked her what she had on.",3.0
I buy it for my best friend every year,5.0
"Perfect, given as a gift.",5.0
One of my favorite colognes.  Seller really makes sure it arrives nice and safe....,5.0
I used to use faithfully but many years ago. This bottle smells old. I remember loving it at one time and I don't love this one.,3.0
I bought this for my moms birthday and I was surprised to see how small the bottle is. It looks like a tester bottle.My mom was still happy but there is no way that a small bottle like that is worth $35.,2.0
I received it on time. And I love it. I never have any problems wit my Packages. Keep leaving them on our front porch.  thanks,5.0
Not Beautiful By Est√©e Lauder. Got a refund.,1.0
"I have been wearing ""Beautiful"" for years as my ""signature"" scent~ It is a great floral essence that is not overpowering, but ALWAYS earns compliments!",5.0
I purchased 2 of these. Beauitful is always Good. Good price too.,5.0
It arrived early.....always happy with this scent !!!!  Thank you...,1.0
Mom loves this perfume!,5.0
I love it beutifulll,5.0
Not the same as the cent beautiful.,1.0
Great product. Wife loves it.,5.0
Was a Mother's Day gift.,5.0
My wife liked it.,5.0
excellant,4.0
"I was very eager to receive my 2.5 oz. of Beautiful Spray Cologne. When it arrived and I opened up the package, the product was not a 2.5 oz. bottle (as shown and as advertised) but a 1 oz. bottle. I told the seller that I would be returning it and to send me the 2.5 oz. She said she sent me what she had! Crazy huh? I also told her that she needed to change her ad so customers are not mislead. It still remains the same.",2.0
Made great gifts.,5.0
Awwww....Love it,4.0
I love the scent.,5.0
Thank you,5.0
Bottle came and had leaked out around the rim,1.0
I would recommend this fragance to anyone looking for an everyday fragrance that is inexpensive.  This product is simply fabulous,5.0
It just smells good! Got one bottle last three weeks; my stepdad bought two bottles for me and my mum and of course the other one is mine so. :),5.0
"I have used Estee Lauders' Beautiful products for many years.  They are always very high quality but they are also pricey.  I have used the bath gel, powder, lotion and cream, and parfum. I am happy that I have found a website where I can buy these products at a slightly reduced price.",5.0
"smells great, love this perfume, shipped quickly",5.0
Another excellent find so reasonably priced.,5.0
I bought this item as a Mother's Day gift and she absolutely loved it. Came on time and as advertised. Great purchase.,5.0
"This is the only perfume that my mom will wear.  She swears by it.  And I must admit it does smell pretty good on her.  It wears well also.  It lasts all day long.  Not too strong, but just enough to notice.",5.0
I love it,5.0
the best,5.0
Wonderful,5.0
"I used to date a girl in college that wore this stuff. It became part of what made her... her. To this day when I smell Beautiful (and yes, I can pick it out in a crowd!) I get a happy fun feeling. I know thats not a very manly thing to say but dang it, its true :)",5.0
"I placed an order and within a few minutes tried to cancelled as they can not fulfuill time requiremets as Im going overseas in a few days and nobody will be at home, and they refuse to cancel the complete order eventhou I explained I will be away two months and nobody to receive order. NOT ordering ever again.",4.0
I was nit happy with the way the perfume smelled. It smelled very old. Will not even think of buying this brand again.,1.0
"I used to wear a number of different scents. Beautiful cut that number to a few. I LOVE this perfume. I wear it nearly every day, and always get compliments on it, especially from men.",5.0
"My wife LOVES the smell of Beautiful! When the shipping is fast and you already know the gift is liked...well, it is all gravy from there!",5.0
"My wife enjoyed this product very much use it every day. And at the rightprice, Thanks for your quick service.  Harold Smith",5.0
"I have used beautiful perfume many times and it had a scent for hours after applying it.  I bought the large bottle and the smell can only be detected immediately after spraying.  i will take it to a department store and do a comparison.  i am disappointed, as I really looked forward to getting it.",3.0
I have worn Beautiful perfume for many years. It is one of the few that does not turn sour on me after a few hours. I get many compliments when I wear it. I am glad to be able to order it online and have it sent right to my house.,5.0
This stuff smells GOOD ! (to me) Beat the local price by $20 ordering on line.,5.0
"same product, much better price. Shippped promptly in good condition with sample product! I'll do this again. Thanx!!",5.0
"I love the smell of this fragrance -- it truly is beautiful. The smell is very feminine and attractive. Just be careful not to spray too much because it can also be overwhelming, just because it is not a weak type of scent. This is great as a signature scent.",4.0
I love this perfume.  I used to wear it in college and hadn't since.  That was over fifteen years ago!  This was a gift and it still smells wonderful.,5.0
"I received a sample for this in store.  A dab on my wrist was okay.  But then, I sprayed this perfume on my wrist and neck.  It was vomit inducing.  I had a migraine for the whole day.  I would never buy a full size of this product.",1.0
I received the product in the time frame that was given and the product is great,5.0
"I helped my supervisor with an online order for this product at the Lauder website. When I placed the order the first time, I failed to enter a ""password,"" and when the page refreshed, it defaulted to standard shipping, which I didn't catch until after the transaction was complete. I called and was told that the shipping could not be changed but that the order would be cancelled and I could place a new order with the correct shipping. The order was not cancelled, and we received two shipments. I have now made FOUR calls to request a postage-paid return label. The first three times, they promised to e-mail the label. I have supplied 3 different e-mail addresses and received nothing. So I asked them to either fax it (they would not) or snail-mail it, which they said will take up to two weeks to receive. Meantime, my supervisor has a charge on his card for a package that is sitting on my desk unopened--plus $12.00 for the original  shipment that was supposed to be cancelled. Lauder's customer service failed 1) to permit changing the shipping method, 2) to cancel the original order, 3) to send a shipping label in a timely fashion. Crappy, crappy customer service. I'm very glad that I use Lancome products!",1.0
"Just a whiff of this perfume and my head starts thumping, It really smells just awful, please stop making it.I don't like it on me, I don't like it on my friends, I really and truly can not stand it.",1.0
"Came on time, no problems.  The price was too high for what I got",3.0
"This is the substance which my neighbor wore into the basement while doing her laundry. This perfume wafted up through my A/C system on a 95-degree day and hit me with the force of chemical Mace. To me, this perfume smells exactly the same as Cutter mosquito-repellant, only... a lot, LOT stronger. I got a whiff of ""Beautiful"" and fell to the floor INSTANTLY with convulsive dysentery, vomiting and blindess. EMT and police (about 20-30 minutes later when I could reach a telephone,) had to get the building super to open my door so they could scrape me up and haul me off to the hospital. The MIGRAINE this perfume can cause is indescribable. Toxicity of perfumes is a matter of degree: ALL are toxic, ALL are allergens, ALL are mostly synthetic hydrocarbon molecules which have never exited on Earth prior to chemists from companies like Estee cooking them up. I think women should be required to put a nice drop of this (or any perfume) on their own tongues prior to wearing it in public. If [you] can tolerate a nice dollop in the mouth, I can tolerate smelling it; because to me the reaction is the same. Smelling it *IS* getting a mouthful of it. You don't like my cigarette smoke, quit wearing toxic junk like this.",1.0
