"I have been using Estee Lauder's Pleasures for more than a decade. I know exactly how it smells and i also know how long it can last on me (like forever). Although this product smells like the real one, however it hardly lasted on me. Barely an hour and it fades away. My hubby has bought this same perfume for me and my mom like maybe 7 years ago from Singapore Airport and my mom still has it. I use it sometimes when i go over to her place and it smells the same and it lasts for at least 6 hours. I bought this product from Amazon because the seller was Amazon and i have full trust in them. But i think either this stuff is fake or has storage issues. Like i said even a 7 year old bottle can still smell the same and is able to last for a long time. I am so disappointed in Amazon. Never will i buy fragrance from Amazon even if they are the sellers.",1.0
"This was a gift to a friend of mine. She said she loves the scent and this is one of her favorites. Also, the price was right because some places it was at a higher price.",5.0
"Pleasures by Est√©e Lauder has been my favorite cologne for seven years.  In my eighties, I am careful with money, so really appreciated the reasonable price for my cologne.  Thank you, Amazon!",5.0
I'm an Estee Lauder fan. I love florals and this fragrance is soft and light. I wear it daily no matter what the occasion.,5.0
"I love everything about it: the fragrance, the size of the bottle and the price. Actually, I thought the bottle was going to be much smaller, and so I was positively surprised when I received the package. Definitely a good deal for the money.As for the fragrance: I don't like it when a parfum is too heavily scented or too sweet. This one is flowery and light - perfect for spring.",5.0
"This is a gift, so I cannot comment on the product itself, per se. However, based on some reviews I was worried about getting a good deal for the ""real deal."" This definitely is the Eau de Parfum and is quality sealed, shipped directly from and sold by Amazon. My mother-in-law is going to love it.",5.0
just what I expected! No Surprises!,4.0
"I love the smell of the perfume on my wife. She said that people love her smell too. Actually, it's been her perfume for a long time , which she alternately uses with another perfume (NR's LduTemps). But she said she noticed that here in the U.S., LdT smells differently - somewhat stronger. Whereas with Pleasures, its the same in Manila & any other asian countries & the U.S. - flower based & sweet.",5.0
"This fragrance is amazing and was affordable as well. My product was delivered on time and was exactly what I expected. Whenever I wear my Pleasures perfume, I always get ""umm, you smell good, what is that you're wearing!""",5.0
"Well I bought this perfume as a gift for my godmother and all I can say is that she told me that she gets asked what she is wearing because she smell really good!  It's so soft and lovely to the nose, not offensive like some perfumes can be and when you get older you want to draw attention to you not scare folks off.  LOL  She loves it and that's what mattered to me!",5.0
Good production and smell good üòä,4.0
"I've owned this before now, and I loved it then, and I love it now. Great fragrance. The only complaint I have is that my husband bought this for me for mother's day with Prime, and it took almost two weeks for it to arrive. I think that is absolutely ridiculous. Why pay for prime when things won't arrive when you say it will?",5.0
Smells fake ... honestly.,2.0
Great gift at a good price.,5.0
As expected,5.0
"LOVE, LOVE, LOVE Pleasures by Estee Lauder. My go to.",5.0
"The recipient was delighted with this gift....it is her favorite fragrance and she really loves the scent and how it makes her feel when she wears it.  The price was right and it brought great happiness to the individual.  It's nice to have the option of purchase without the box, which makes it less expensive overall.",5.0
One of my favorites!,5.0
My wife has used this fragrance for years.  This is the second time I have bought it from Amazon.  Thank you saving me some money and keeping my wife happy.,5.0
"Estee Lauder's ""Pleasures"" has become my all-time favorite scent. AMAZON provides the best price in comparison to department store and special orders from perfume websites.",5.0
love the price for this is one of my favorite scents,5.0
Love this scent.  I purchased this for my Sister along with the body lotion and she absolutely loves it!  I will be purchasing another set for her as well.,5.0
Thanks,5.0
Very happy that this was not a cheap imitation.  I wish I could buy another one at the same price...,5.0
"My favorite perfume! Smells just as it should. Arrived quickly, even with standard shipping. I got this 1.7oz bottle for the price of a 1.0oz bottle. Very happy with purchase. Thanks!",5.0
"I wore this fragrance yesterday with my ""Sweet Pea"" bath and body works lotion.  A woman in my office asked me what fragrance I'm wearing.  She loved it.  Then late last night around 9:00 p.m. I was at an Office Depot and the sales guy asked me about the fragrance.  I was surprised he could still smell it after wearing it 12 hours!  So ladies, this is not a bad purchase for a long lasting fragrance.",4.0
"I bought it for my wife. I love it, it is very nice so I bought it for another family member. I would definitely recommend it.",5.0
Get many complements on this scent. Very refreshing,5.0
My mothers favorite perfume.. Wonderful price and was perfectly delivered..,5.0
"Beautiful light, floral scent that's not heavy or thick. I get compliments when I wear it. It's such a beautiful scent!",5.0
"Have loved this fragrance for many years, it has a very nice soft clean fragrance,  I would highly recommend this to any stylish woman",5.0
I've used this scent for years and still love it and always have people tell me I smell good.  I would (and will) buy this product again.,5.0
My wife loves this fragrance.,5.0
"My son bought my first bottle of Pleasures because he doesn't like a real strong scent. It has a lasting aroma, but doesn't knock you down. I get many compliments when I use it.",5.0
Love this fragrance !,5.0
I have used this perfume for years and get many positive comments on how nice it smells.  It is light and can be worn for everyday or special occasions.,5.0
Product is exactly as wanted. Very satisfied with product and service.,5.0
It smells amazing! It is a very floral smell consisting of mostly jasmine. The scent lasts all day and is not overpowering when first applied.,5.0
"This was a Christmas gift for my fianc√©. It's her favorite perfume, she loved it! Made me look great in her eyes :)",5.0
"This is a floral and feminine scent. I find it appropriate for someone my age (20), and daytime use :). It isn't strong or weak, and lasts all day. As I was wearing it, a bee came and landed on my collarbone and tried to collect pollen. I suppose it must be made of natural ingredients if it fools a bee!",5.0
If you like this perfume it's self explanatory. LOL. I will say however that this was the cheapest I was able to find at the time of purchase.  And was prime eligible as well so Shipping was free and fast.  My sister was very pleased to get it.,5.0
smells so good. Thumbs up!,5.0
enjoy this fragrance,5.0
The perfume is my daughter-in-laws favorite and it was a great deal . I always try to order these type items fromAmazon as I usually save a lot.,5.0
"I forgot how much I love this scent!  I wore it when I was in college and forgot how much I enjoy it.  I could have sworn the bottle was much bigger back then (six years ago), but I guess inflation changes things since I recall paying around the same price for it back then. :-)",5.0
Smells great. Very floral.,5.0
This scent smells great on my girlfriend and she loved receiving the gift. She wears it on special occasions and it always gets my attention.,5.0
Perfume smells sooo wonderful!  EXCELLENT!  Thank you!,5.0
This is my favorite sent.  Pleasures has a light foral sent.  It smells like Springtime to me. I absolutely love it!!!,5.0
"Good product, good service.",4.0
Awesome perfume!  One of the best scents every made. I wouldn't hesitate to order it again when my supply gets low.,5.0
Wife requested it.,5.0
Always I love Est√©e Lauder perfume,5.0
Love this scent.  I have been wearing it for years,5.0
"My wife loves it. Good price, cheaper than at stores! Go Amazon!",5.0
"Made a nice gift for my girl friend , she and both love ,",5.0
"Beautiful fragrance that's with you all day, I always get compliments on it..",5.0
I have used this product for years I love it!! Great price and shipping was fast.,5.0
Purchased as a gift; seemed to be well received.,4.0
My girlfriend drives me crazy with this fragrance,5.0
"Amazing, the fragrance is absolutely outstanding.",5.0
Very strong at first but it smells nice later.,3.0
"Hi, this is a beautiful and very spring-type fragrance.  I would recommend it for any lady.  Think it could be used day and evening.  Also, the product was shipped in a timely manner and item as described.",5.0
This is a gift and arrived as expected,5.0
keep this in stock very good perfume I will be buying another bottle soon your prices are much better the department stores I can try at home alone first to see if I like it II did and will  buy more,5.0
Speaks for itself. The wife loves it so I love it.,5.0
"Purchased this for my Wife for her birthday. She loves it, and I love the smell of it on her.It's a win-win situation for me...",5.0
Was worried about getting in time for Christmas with the storms and planes grounded. They came through in plenty of time. Perfect size as a gift.,5.0
Just what was detailed in the description and for a great price! It was ordered for a gift and arrived on time.,5.0
"Love this perfume, not watered down, smells great, lasts long",5.0
good,5.0
Just what I was expecting. Thank you.,4.0
excellent !,4.0
Have worn Pleasures for years and it is still my favorite! Price was better than those at the outlet malls.,5.0
Love this perfume!!!,5.0
It looks like just like the one I got at the Mall. So I'm happy with this product,4.0
I have used Estee Lauder fragrances for years.  Pleasures is the one my husband likes best.  It is light and just makes you happy.  It is wearable in all seasons and temperatures.  It just makes you feel good to know you are wearing such a wonderful scent.,5.0
Great to give away as a gift.  Not the same one I had years ago...which was softer.  But nice scent.,4.0
I loved my Estee Lauder pleasures for women and the price was great. I would recommend it to other women.,5.0
I love it!!,5.0
My favorite perfume! Smells amazing and can be worn year round. It was delivered within a few days. Will be ordering from here again!,5.0
Love it!!! A timeless soft flowery fragrance!,5.0
Wifes favorite,4.0
Most fragrant perfume there is! Lasts all day with many compliments. Women continually ask: What is it?,5.0
my wife loves this stuff! good price for a great product. buy some! you will thank yourself for it later.,5.0
I love this perfume on my wife. You really can't go wrong with Estee Lauder. Great all around company and great products. If you are not sure about this perfume pick up a free sample at Macys or Neman's!!!As the day progresses the perfume smells different in a good way. You are not stuck with one boring scent.,5.0
I love this and always get compliments when wearing it.,5.0
Always like this product. This time I also loved the price!  $55 instead if $88 - great deal!,5.0
"This is such a lovely scent.  It is aptly named - ""Pleasures"" - and I can't rate it high enough.  Lovely.",5.0
I have had this perfume before. It smells wonderful and fragrant,5.0
Fast delivery. As described.,5.0
ok,5.0
My daughter in law asked for this for Christmas.  This is her favorite perfume.  I will probably re-order for her birthday,5.0
The real deal at a great price!,5.0
Omg de smell it's amazing I love this perfume ‚ò∫Ô∏è‚ò∫Ô∏è,5.0
"I got this perfume based on the ratings and when I received it, it smells too flowery. I like the soft smell type perfume, this smells very strong for me.",3.0
I love the scent of Pleasures compared to so many other colognes/parfums that I have sampled.  Friends ask what cologne I am wearing and I tell them.  Then I tell them I purchased this at Amazon!  Good work Amazon!,5.0
It's awesome! I use everyday all day long and always get compliments when ever I put it on. Awesome!! It's Amazing,5.0
Our 29 year old daughter loved this gift from us. Nice frangrance for a young woman. That's all I know.,5.0
my daughter loves this spray--requested it as a special extra Christmas gift-------I was happy to buy Estee Lauder for her,5.0
I love this parfum...smell so good..,5.0
Great product for women. I bought this for my mom for mothers day and she really loves this smell. It is however for more mature women. Seeing how my mom is 53 years old so i wouldn't suggest it to women in their 20's,4.0
Bought for mother in law she loved it,5.0
Love this scent!! Come wrapped in plastic to show its never been used. I gifted it but opened the plastic just to make sure it sprayed. Very satisfied.,4.0
Perfect!!!  Best scent ever!!,5.0
Always my favorite.,5.0
My mom loves this sent. I got it for her for Christmas and she was thrilled. Not an old lady smell! Sophisticated and pleasant.,5.0
One of my fav perfumes! Great price.  I get compliments on this perfume every single time I wear it.  Love it!,5.0
I love any perfume that Pleasures; haven't found one I didn't like yet; always get lots of compliments when wearing.,5.0
"Reasonable price, quick delivery, devine fragrance",5.0
The best for the ladies!,5.0
smell good,4.0
Great!,4.0
Love it!  Fast shipping too.,5.0
This was a gift for my wife... arrived on time and the package was good. Met my expectations.  Happy !,5.0
Fast shipping and good product.,5.0
This is an excellent perfume.,5.0
"Always worth the money and again, this saved me a trip to the mall.  Good price and I got to avoid the mall.",5.0
Best price I could find.  Department stores are way higher.  It's a favorite of mine.  It even beat the prices at the outlets.,5.0
"This is the most beautiful, and intoxicating scent I have ever smelled.  Not strong, very mild and sexy.  I will buy more of this as gifts for the holidays, but only to my best friends.",5.0
"And she smell wonderful, this was 13 years ago.I decided to get a small bottle just in case I didn't like it I would give it to her and.....Oh my god smell amazingly fresh, not strong but like a fresh bouquet of flowers. I loved it.It arrive brand new. :-)",5.0
My Mom loved it !,5.0
"The fragrance reflects a carefree yet sophisticated personality.The spray is not too strong nor too light. It is fresh, floral; great for day and evening.",4.0
It's my favorite perfume,5.0
"Yes, it was authentic.  Fantastic price.  Thank you!",5.0
I purchased as a Christmas gift for my Mother. She will wear nothing else and loves it. Will purchase again..,5.0
great smell not strong like some other Estee Lauder fragrances it a very fresh smell I would recommend this products to anyone,5.0
"One of my wifes favorite, so of course it was a big hit for Xmas.",5.0
"I love Pleasures by Este Lauder, have used is for 15 years, Amazon.com is my go-to online shopping. My purchases arrive earlier than anticipated and they are exactly what I orderd. Thank you.",5.0
My wife loved the perfume and it was delivered as promised.,5.0
Love it and arrived all in good shapenot much else to say but really good good good good product. th,5.0
I bought this last year for my Mom and when she went to replace she wouldn't pay the dept. store price! I found it a little cheaper on Amazon and ordered it for her again. You'd have thought I bought her a diamond! Her delight was worth every penny!,5.0
EXCELENTE,5.0
Product is good but not impressed with shipping time.,4.0
"This is one of my most fav fragrances.  Got a good deal on it, and it was new in box.",5.0
My favorite.,5.0
It arrived sealed in the classic pink box. The wife loves this perfume. It's a clean and light scent that is very bearable.,5.0
It smells great!!! The bottle is super easy to use. The size is also amazing! I Highly recommend this product.,5.0
Really nice!! I loved it,5.0
Even though this is an old fragrance...it still smells delicious!  It lasts all day too!  I have received many compliments too!,5.0
"This is one of my absolute favorite purfumes. It has a nice soft scent that is not overpowering, I usually wear this during the day, and amazon had the best price.",5.0
This product smells like heaven on earth. It is feminine and sensual and It is my go to scent for feeling beautiful. I love this scent and have come back to it over the years. I received this as a bday present and it it just delicious.,5.0
excelente,4.0
:),5.0
perfect to me.,5.0
Good !!!,5.0
The fragrance is so fresh and clean.  I wanted to share this with a friend and know that this gift would bring her much pleasure in using it.,5.0
This perfume was a birthday present for my wife. I did the job and made my wife happy so I wake up next morning happy too. Try it you may get the same exotic experience.,4.0
The name for this perfume is fitting.  It is such a pleasure to know that you just smell wonderful when you use it!,5.0
THis is the perfect scent for me.  I noticed a lady next to me at the Nutcracker wearing it.  Loved the smell.  And the shipping was fast and efficiently pkged.,5.0
"This fragrance smells so good, and lasts so long. I'm a fan of floral smells that are not too sweet, and this is exactly what I was looking for.",5.0
"this was a gift for my mom and she loved it.  i'm a little skeptical when it comes to buying perfume online, but was very pleased.",5.0
all good,4.0
Buen producto,5.0
"A wonderful savings for my favorite perfume. Always paid quite a lot for it, but was very happy with the price and promptness in shipping.",5.0
My wives favorite! Bought it for her birthday and we have both enjoyed it. Will buy it again in the future.,5.0
My daughter loved it!,5.0
"I like it thanks for asking, I love Amazon.com it's a great Company.",3.0
Pay attention at sizes.,5.0
I won't purchase from this vendor again.  I have tried to return this defective bottle of perfume.  But I have not been contacted back.  Very un-professional!!!,1.0
"I can't believe how many like it. My wife tried it in store and it seemed OK, so I bought it and now I don't know how to get rid of it. It turns my stomach inside out with the excessive sweetness. The worst of it? I was not aware that AMAZON DOES NOT ACCEPT RETURNS ON PERFUMES ""for safety reasons"".",1.0
Excellent,1.0
The product was diluted. This is not original. Bought it for my sister and the difference between what was bought at the mall is vast. This hardly lasts an hour no matter how much you spray on. The store bought product lasted the whole day with just a few drops.,1.0
"My wife has been using Pleasures for 10 years so when I noticed she was low I didn't hesitate to buy her another bottle.  Unfortunately, when this item arrived it did not smell like Pleasures.  We suspect the perfume turned or expired and we wound up throwing it away.  We went to a local merchant to replace her empty bottle.",1.0
"This is my new summer favorite fragrance (Calvin Klein's Euphoria is my favorite for fall and winter).  It has a light, floral scent that doesn't overtake a room. My man thinks this is the best smell EVER!! Which makes me very happy :-).",5.0
"My new favorite perfume! I'm super picky about perfumes and recently I've been on a search for the perfect smell. This is light, pretty, and flowery. It fades as the day goes on, but my husband can still smell it at night. I like how subtle it is. It reminds me if a younger woman's version of Miracle by Lancome. Get it, and see for yourself :)",5.0
This is my go-to fragrance whenever I get tired of whatever fragrance I am using currently. The scent is not strong and overpowering and can be worn even during summer. I usually just spray a little bit of this and then layer with the Pleasures body lotion.Thank you.,5.0
I just love this perfume.  This is the classic Pleasures scent.  It is not too strong and I always get compliments when I am wearing it.,5.0
"It's possibly the only one she wears, and won't give her an allergy attack. The fragrance is very neutral, it's not overwhelming, its young and fresh, and not too mature smelling either. And can be worn both during the day and at night.",5.0
"my Filipino friend told me about this perfume and i smell it on her and liked it. one day, i went on trip with my family and we went shopping and i just test the perfume on my hand but didn't buy it because  i am not sure if this is the same perfume. on our way back home, every body including me notice how wonderful my smell was. the next day i went shopping again and bought the perfume.  i used this perfume for years and i was working in the hospital. doctors was always asking me not to change it, because it smells amazing.",5.0
"If you like a feminine and floral scent - which isn't always easy to find - this is a charming, romantic fragrance. Love a spritz of this. Like to use it along with the powder and lotion and layer the fragrance. It's an enchanting scent.",5.0
"I have been using PLEASURE for many years but this is my first time buying online, and i can tell you that this is 'FAKE' the scent wears off in ten minutes, ,not lasting like the other i bought in stores....i WISH I COULD GET MY MONEY BACK.",1.0
"not great - for some reason when I tried it on in store I thought it had a stronger sent, more fresh/floral. It's just ok, very light on me and doesn't seem to hold.",3.0
The seller is great! But this isn't the same scent as the Estee Lauder Pleasures that I've been using for years. Packaging is the same but scent is not.,1.0
"I ordered three bottles of Pleasures for Christmas presents , one being for myself.Items came very well wrapped,  delivered by usps .You have to appreciate Estee Lauder perfumes, all the perfumes that I have ever tried( Beautiful, Youth Dew) do not fade away after wearing for several hours. Pleasures has a sweet fragrance, somewhat flowery and it is a good choice for any age...Beautful is another Estee Lauder Perfume that has a very nice fragrance and well worth trying...",5.0
I've used this perfume in the past and loved it but it has been a while. It doesn't smell like I remembered it.  Anyone else might love it.,3.0
"Lovely, light floral day time perfume! Have worn this for years and received many compliments. I recommend layering this scent with the body lotion for a truly luxurious aroma.",5.0
"Pleasures is a ""fair trade"" product meaning you are not supposed to get a discount to purchase it, but it was $15 less and no tax or shipping...Can't get any better than that!",5.0
LOVE LOVE LOVE,5.0
"Nice scent.  I ordered this one by mistake, but it was nice.",4.0
"i dont think this perfume was original, or if it was it has been kept on the shelf too long. I know really well how Pleasure smells but this has very faint smell that goes away very quickly.",2.0
Very Feminine and refreshing !!! I always liked it!!,5.0
One of my FAVORITE perfumes I've ever tried!!! LOVE IT.. NOT TOO HEAVY & NOT TOO LIGHT BUT AHHHH JUST RIGHT!!!!!!! LOL,5.0
good,5.0
"Huele a diablo, ni se les ocurra regalarselo a sus novias...",1.0
Had an old smell to it. Could not give as gift had to buy elsewhere.,1.0
This was a surprise gift for my mom and she was very happy to receive.  Thank you!,5.0
"I used to use Pleasures, it was wonderful and I was asked the name, one man wanted to get it for his wife.  I have tried to enjoy it again but it seems the scent has gone in this bottle.  My husband said he could not smell it even after I put on a lot for that reason.  I cannot smell it on my wrist or inner elbow just after I apply it.  I purchased some for him and it has a very nice scent.Janice Haines",1.0
Estee Lauder is her favorite perfume brand.  She is 87 now and never a day goes by that she doesn't spritx herself with Estee Lauder....in one flavor or another:-),3.0
"It shipped super fast, which was great, but the 1 star is because this perfume smells like 200 year old lady. Not even a lady that old would be wearing this. Not a pleasant scent at all.",1.0
"I've used Pleasures by Estee Lauder for many years. It's a light floral scent, which is great for me because a lot of perfumes I find are too strong. When I wear it, I don't really notice it, but I continually have strangers who are walking behind me say, ""you smell good, what is that?"" Of course, we all know individuals' body chemistry plays a part in how we smell things and how things smell on us. But,it works for me!",5.0
"A nice everyday fragrance, perfect for school or casual office settings. Layer it with lotion and powder for a nice lingering scent.",4.0
The product arrived in timely fashion and was exactly what my daughter wanted for Christmas!,5.0
A co-worker wears this to work and so many of us are almost sick it smells so bad.  It really stinks and can not get the smell out of my nose.,1.0
